Workbook

Sheet Projet
A1: Projet Sarnois | B1: IND06 | C1: IND07 | D1: IND08 | E1: IND09 | F1: IND10A | G1: IND10B
A2: Phase | B2: APD | C2: APD | D2: APD | E2: APD | F2: APD | G2: APD
A3: Date (jj/mm/aaaa) | B3: 46153 | C3: 46154 | D3: 46168 | E3: 46225 | F3: 46261 | G3: 46261
A6: GENERALITES
A7: Type de projet | B7: Ovin | C7: Ovin | D7: Ovin | E7: Ovin | F7: Ovin | G7: Ovin
A8: Surface clôturée (ha) | B8: 12.99 | C8: 12.93 | D8: 12.93 | E8: 12.93 | F8: 4.87 | G8: 3.48
A9: Linéaire de clôture (m) | B9: 1805 | C9: 1800 | D9: 1802 | E9: 1803 | F9: 949 | G9: 738
A10: Nombre de portails d'accès | B10: 2 | C10: 2 | D10: 2 | E10: 2 | F10: 1 | G10: 1
A11: Largeur des portails (m) | B11: 7 | C11: 7 | D11: 7 | E11: 7 | F11: 7 | G11: 7
A13: SYSTÈME PHOTOVOLTAÏQUE
A14: Structures PV
A15: Type de structure | B15: Fixe | C15: Fixe | D15: Fixe | E15: Fixe | F15: Fixe | G15: Fixe
A16: Format table | B16: 2V13/2V6 | C16: 2V26/2V6 | D16: 2V26/2V13 | E16: 2V26/2V13 | F16: 2V26/2V13 | G16: 2V26/2V13
A17: Inclinaison (°) | B17: =HLOOKUP($B$7,'Standards UNITe'!$C$3:$L$8,3,0) -> 25 | C17: =HLOOKUP($B$7,'Standards UNITe'!$C$3:$L$8,3,0) -> 25 | D17: =HLOOKUP($B$7,'Standards UNITe'!$C$3:$L$8,3,0) -> 25 | E17: =HLOOKUP($B$7,'Standards UNITe'!$C$3:$L$8,3,0) -> 25 | F17: =HLOOKUP($B$7,'Standards UNITe'!$C$3:$L$8,3,0) -> 25 | G17: =HLOOKUP($B$7,'Standards UNITe'!$C$3:$L$8,3,0) -> 25
A18: Azimut (°) | B18: -24.5 | C18: -24.5 | D18: -24.5 | E18: -24.5 | F18: -24.5 | G18: -24.5
A19: Nombre de tables | B19: 537 & 59 | C19: 485 & 69 | D19: 265 & 35 | E19: 269 & 27 | F19: 84 & 1 | G19: 79 & 11
A20: Inter-table (m) | B20: 6 | C20: 6 | D20: 5 | E20: 5 | F20: 6 | G20: 5
A21: Pitch (m) | B21: 10.3 | C21: 10.3 | D21: 9.3 | E21: 9.3 | F21: 10.3 | G21: 9
A22: Point bas (m) | B22: =HLOOKUP($B$7,'Standards UNITe'!$C$3:$L$12,8,0) -> 1.5 | C22: =HLOOKUP($B$7,'Standards UNITe'!$C$3:$L$12,8,0) -> 1.5 | D22: =HLOOKUP($B$7,'Standards UNITe'!$C$3:$L$12,8,0) -> 1.5 | E22: =HLOOKUP($B$7,'Standards UNITe'!$C$3:$L$12,8,0) -> 1.5 | F22: =HLOOKUP($B$7,'Standards UNITe'!$C$3:$L$12,8,0) -> 1.5 | G22: =HLOOKUP($B$7,'Standards UNITe'!$C$3:$L$12,8,0) -> 1.5
A23: Point haut (m) | B23: 3.53 | C23: 3.53 | D23: 3.53 | E23: 3.53 | F23: 3.53 | G23: 3.53
A24: Nb de mod en rampant | B24: 2 | C24: 2 | D24: 2 | E24: 2 | F24: 2 | G24: 2
A25: Nb de mod en longueur | B25: 13 & 6 | C25: 13 & 6 | D25: 13 & 26 | E25: 13 & 26 | F25: 13 & 26 | G25: 13 & 26
A26: Nb de mod/string | B26: 26 | C26: 26 | D26: 26 | E26: 26 | F26: 26 | G26: 26
A27: Nb de mod/table | B27: 26 | C27: 26 | D27: 26 | E27: 26/52 | F27: 26/52 | G27: 26/52
A28: Type de fondation | B28: Pieux battus | C28: Pieux battus | D28: Pieux battus | E28: Pieux battus | F28: Pieux battus | G28: Pieux battus
A29: Nombre de pieux | B29: =537*10+59*6 -> 5724 | C29: =485*10+69*6 -> 5264 | D29: =265*9+35*5 -> 2560 | E29: =269*9+27*5 -> 2556 | F29: =84*9+1*5 -> 761 | G29: =79*9+11*5 -> 766
A30: Surface pieux (m²) | B30: =B29*IF(B15="Flotteur",0,IF(OR(B7="Volailles",B7="Faisans",B7="Parking"),VLOOKUP(B28,'Dimensions postes et pieux'!$O$5:$P$8, 2, 0),VLOOKUP(B28,'Dimensions postes et pieux'!$O$9:$P$12, 2, 0))) -> 40.068 | C30: =C29*IF(C15="Flotteur",0,IF(OR(C7="Volailles",C7="Faisans",C7="Parking"),VLOOKUP(C28,'Dimensions postes et pieux'!$O$5:$P$8, 2, 0),VLOOKUP(C28,'Dimensions postes et pieux'!$O$9:$P$12, 2, 0))) -> 36.848 | D30: =D29*IF(D15="Flotteur",0,IF(OR(D7="Volailles",D7="Faisans",D7="Parking"),VLOOKUP(D28,'Dimensions postes et pieux'!$O$5:$P$8, 2, 0),VLOOKUP(D28,'Dimensions postes et pieux'!$O$9:$P$12, 2, 0))) -> 17.92 | E30: =E29*IF(E15="Flotteur",0,IF(OR(E7="Volailles",E7="Faisans",E7="Parking"),VLOOKUP(E28,'Dimensions postes et pieux'!$O$5:$P$8, 2, 0),VLOOKUP(E28,'Dimensions postes et pieux'!$O$9:$P$12, 2, 0))) -> 17.892 | F30: =F29*IF(F15="Flotteur",0,IF(OR(F7="Volailles",F7="Faisans",F7="Parking"),VLOOKUP(F28,'Dimensions postes et pieux'!$O$5:$P$8, 2, 0),VLOOKUP(F28,'Dimensions postes et pieux'!$O$9:$P$12, 2, 0))) -> 5.327 | G30: =G29*IF(G15="Flotteur",0,IF(OR(G7="Volailles",G7="Faisans",G7="Parking"),VLOOKUP(G28,'Dimensions postes et pieux'!$O$5:$P$8, 2, 0),VLOOKUP(G28,'Dimensions postes et pieux'!$O$9:$P$12, 2, 0))) -> 5.362
A31: Modules PV
A32: Format | B32: G12R | C32: G12R | D32: G12R | E32: G12R | F32: G12R | G32: G12R
A33: Puissance unitaire (Wc) | B33: 680 | C33: 680 | D33: 680 | E33: 680 | F33: 680 | G33: 680
A34: Surface unitaire (m²) | B34: =IF(B32="G12R", 2.382*1.134, 2.382*1.303) -> 2.701188 | C34: =IF(C32="G12R", 2.382*1.134, 2.382*1.303) -> 2.701188 | D34: =IF(D32="G12R", 2.382*1.134, 2.382*1.303) -> 2.701188 | E34: =IF(E32="G12R", 2.382*1.134, 2.382*1.303) -> 2.701188 | F34: =IF(F32="G12R", 2.382*1.134, 2.382*1.303) -> 2.701188 | G34: =IF(G32="G12R", 2.382*1.134, 2.382*1.303) -> 2.701188
A35: Nombre installé | B35: 14670 | C35: 13348 | D35: 14690 | E35: 14690 | F35: 4394 | G35: 4394
A36: GCR (%) | B36: =4.34/10.3 -> 0.42135922 | C36: =4.34/10.3 -> 0.42135922 | D36: / | E36: / | F36: / | G36: /
A37: Surface modules (m²) | B37: =IFERROR(B34*B35,"-") -> 39626.428 | C37: =IFERROR(C34*C35,"-") -> 36055.457 | D37: =IFERROR(D34*D35,"-") -> 39680.452 | E37: =IFERROR(E34*E35,"-") -> 39680.452 | F37: =IFERROR(F34*F35,"-") -> 11869.02 | G37: =IFERROR(G34*G35,"-") -> 11869.02
A38: Surface module projetée au sol (m²) | B38: =IFERROR(B37*COS(RADIANS(B17)),"-") -> 35913.74 | C38: =IFERROR(C37*COS(RADIANS(C17)),"-") -> 32677.342 | D38: =IFERROR(D37*COS(RADIANS(D17)),"-") -> 35962.702 | E38: =IFERROR(E37*COS(RADIANS(E17)),"-") -> 35962.702 | F38: =IFERROR(F37*COS(RADIANS(F17)),"-") -> 10756.985 | G38: =IFERROR(G37*COS(RADIANS(G17)),"-") -> 10756.985
A39: Puissance projet (MWc) | B39: =IFERROR(B33*B35/1000000,"-") -> 9.9756 | C39: =IFERROR(C33*C35/1000000,"-") -> 9.07664 | D39: =IFERROR(D33*D35/1000000,"-") -> 9.9892 | E39: =IFERROR(E33*E35/1000000,"-") -> 9.9892 | F39: =IFERROR(F33*F35/1000000,"-") -> 2.98792 | G39: =IFERROR(G33*G35/1000000,"-") -> 2.98792
A42: POSTES ELEC. ET LOCAUX TECHNIQUES
A43: Postes élec.
A44: Type d'onduleurs envisagés | B44: String | C44: String | D44: String | E44: String | F44: String | G44: String
A45: Nombre de PTR | B45: 2 | C45: 2 | D45: 2 | E45: 2 | F45: 0 | G45: 0
A46: Surface des PTR (m²) | B46: =B45*'Dimensions postes et pieux'!$D$5 -> 60 | C46: =C45*'Dimensions postes et pieux'!$D$5 -> 60 | D46: =D45*'Dimensions postes et pieux'!$D$5 -> 60 | E46: =E45*'Dimensions postes et pieux'!$D$5 -> 60 | F46: =F45*'Dimensions postes et pieux'!$D$5 -> 0 | G46: =G45*'Dimensions postes et pieux'!$D$5 -> 0
A47: Surface plateforme PTR (m²) | B47: =B45*'Dimensions postes et pieux'!$E$5 -> 230 | C47: =C45*'Dimensions postes et pieux'!$E$5 -> 230 | D47: =D45*'Dimensions postes et pieux'!$E$5 -> 230 | E47: =E45*'Dimensions postes et pieux'!$E$5 -> 230 | F47: =F45*'Dimensions postes et pieux'!$E$5 -> 0 | G47: =G45*'Dimensions postes et pieux'!$E$5 -> 0
A48: Nombre de PDL /PTR | B48: 1 | C48: 1 | D48: 1 | E48: 1 | F48: 1 | G48: 1
A49: Surface des PDL/PTR (m²) | B49: =B48*'Dimensions postes et pieux'!$D$17 -> 36 | C49: =C48*'Dimensions postes et pieux'!$D$17 -> 36 | D49: =D48*'Dimensions postes et pieux'!$D$17 -> 36 | E49: =E48*'Dimensions postes et pieux'!$D$17 -> 36 | F49: =F48*'Dimensions postes et pieux'!$D$17 -> 36 | G49: =G48*'Dimensions postes et pieux'!$D$17 -> 36
A50: Surface plateforme PDL/PTR (m²) | B50: =B48*'Dimensions postes et pieux'!$E$17 -> 132 | C50: =C48*'Dimensions postes et pieux'!$E$17 -> 132 | D50: =D48*'Dimensions postes et pieux'!$E$17 -> 132 | E50: =E48*'Dimensions postes et pieux'!$E$17 -> 132 | F50: =F48*'Dimensions postes et pieux'!$E$17 -> 132 | G50: =G48*'Dimensions postes et pieux'!$E$17 -> 132
A51: Nombre de PDL | B51: 0 | C51: 0 | D51: 0 | E51: 0 | F51: 0 | G51: 0
A52: Surface des PDL (m²) | B52: =B51*'Dimensions postes et pieux'!$D$23 -> 0 | C52: =C51*'Dimensions postes et pieux'!$D$23 -> 0 | D52: =D51*'Dimensions postes et pieux'!$D$23 -> 0 | E52: =E51*'Dimensions postes et pieux'!$D$23 -> 0 | F52: =F51*'Dimensions postes et pieux'!$D$23 -> 0 | G52: =G51*'Dimensions postes et pieux'!$D$23 -> 0
A53: Surface plateforme PDL (m²) | B53: =B51*'Dimensions postes et pieux'!$E$23 -> 0 | C53: =C51*'Dimensions postes et pieux'!$E$23 -> 0 | D53: =D51*'Dimensions postes et pieux'!$E$23 -> 0 | E53: =E51*'Dimensions postes et pieux'!$E$23 -> 0 | F53: =F51*'Dimensions postes et pieux'!$E$23 -> 0 | G53: =G51*'Dimensions postes et pieux'!$E$23 -> 0
A54: Aire de charge (BESS)
A55: Nombre de conteneurs de batteries | B55: 0 | C55: 2 | D55: 2 | E55: 2 | F55: 1 | G55: 1
A56: Surface des conteneurs (m²) | B56: =B55*'Dimensions postes et pieux'!$D$29 -> 0 | C56: =C55*'Dimensions postes et pieux'!$D$29 -> 36 | D56: =D55*'Dimensions postes et pieux'!$D$29 -> 36 | E56: =E55*'Dimensions postes et pieux'!$D$29 -> 36 | F56: =F55*'Dimensions postes et pieux'!$D$29 -> 18 | G56: =G55*'Dimensions postes et pieux'!$D$29 -> 18
A57: Surface plateforme batteries (m²) | B57: =B55*'Dimensions postes et pieux'!$E$29 -> 0 | C57: =C55*'Dimensions postes et pieux'!$E$29 -> 100 | D57: =D55*'Dimensions postes et pieux'!$E$29 -> 100 | E57: =E55*'Dimensions postes et pieux'!$E$29 -> 100 | F57: =F55*'Dimensions postes et pieux'!$E$29 -> 50 | G57: =G55*'Dimensions postes et pieux'!$E$29 -> 50
A58: Nombre de PTR associés | B58: 0 | C58: 1 | D58: 1 | E58: 1 | F58: 1 | G58: 1
A59: Surface PTR associés | B59: =B58*'Dimensions postes et pieux'!$D$5 -> 0 | C59: =C58*'Dimensions postes et pieux'!$D$5 -> 30 | D59: =D58*'Dimensions postes et pieux'!$D$5 -> 30 | E59: =E58*'Dimensions postes et pieux'!$D$5 -> 30 | F59: =F58*'Dimensions postes et pieux'!$D$5 -> 30 | G59: =G58*'Dimensions postes et pieux'!$D$5 -> 30
A60: Surface plateforme PTR associés (m²) | B60: =B58*'Dimensions postes et pieux'!$E$5 -> 0 | C60: =C58*'Dimensions postes et pieux'!$E$5 -> 115 | D60: =D58*'Dimensions postes et pieux'!$E$5 -> 115 | E60: =E58*'Dimensions postes et pieux'!$E$5 -> 115 | F60: =F58*'Dimensions postes et pieux'!$E$5 -> 115 | G60: =G58*'Dimensions postes et pieux'!$E$5 -> 115
A61: Citerne de refroidissement (120m3) | B61: 0 | C61: 1 | D61: 1 | E61: 1 | F61: 1 | G61: 1
A62: Bac de rétention (120m3) | B62: 0 | C62: 1 | D62: 1 | E62: 1 | F62: 1 | G62: 1
A63: Zone de remise (m²) | B63: 0 | C63: 1 | D63: 1 | E63: 1 | F63: 1 | G63: 1
A64: Stockage matériel
A65: Nombre de locaux de stockage matériel | B65: 1 | C65: 1 | D65: 1 | E65: 1 | F65: 1 | G65: 1
A66: Surface locaux de stockage matériel (m²) | B66: =B65*36 -> 36 | C66: =C65*36 -> 36 | D66: =D65*36 -> 36 | E66: =E65*36 -> 36 | F66: 18 | G66: 18
A67: TOTAL
A68: Surface postes, stockage, batteries, citerne (m²) | B68: =B49+B46+B52+B56+B59+B66+B61*'Dimensions postes et pieux'!$D$31+B63*'Dimensions postes et pieux'!$D$33+B62*'Dimensions postes et pieux'!$D$32 -> 132 | C68: =C49+C46+C52+C56+C59+C66+C61*'Dimensions postes et pieux'!$D$31+C63*'Dimensions postes et pieux'!$D$33+C62*'Dimensions postes et pieux'!$D$32 -> 391 | D68: =D49+D46+D52+D56+D59+D66+D61*'Dimensions postes et pieux'!$D$31+D63*'Dimensions postes et pieux'!$D$33+D62*'Dimensions postes et pieux'!$D$32 -> 391 | E68: =E49+E46+E52+E56+E59+E66+E61*'Dimensions postes et pieux'!$D$31+E63*'Dimensions postes et pieux'!$D$33+E62*'Dimensions postes et pieux'!$D$32 -> 391 | F68: =F49+F46+F52+F56+F59+F66+F61*'Dimensions postes et pieux'!$D$31+F63*'Dimensions postes et pieux'!$D$33+F62*'Dimensions postes et pieux'!$D$32 -> 295 | G68: =G49+G46+G52+G56+G59+G66+G61*'Dimensions postes et pieux'!$D$31+G63*'Dimensions postes et pieux'!$D$33+G62*'Dimensions postes et pieux'!$D$32 -> 295
A69: Surface plateformes, stockage, batteries, citerne (m²) | B69: =B49+B47+B53+B57+B60+B66+B61*'Dimensions postes et pieux'!$D$31+B63*'Dimensions postes et pieux'!$D$33+B62*'Dimensions postes et pieux'!$D$32 -> 302 | C69: =C49+C47+C53+C57+C60+C66+C61*'Dimensions postes et pieux'!$D$31+C63*'Dimensions postes et pieux'!$D$33+C62*'Dimensions postes et pieux'!$D$32 -> 710 | D69: =D49+D47+D53+D57+D60+D66+D61*'Dimensions postes et pieux'!$D$31+D63*'Dimensions postes et pieux'!$D$33+D62*'Dimensions postes et pieux'!$D$32 -> 710 | E69: =E49+E47+E53+E57+E60+E66+E61*'Dimensions postes et pieux'!$D$31+E63*'Dimensions postes et pieux'!$D$33+E62*'Dimensions postes et pieux'!$D$32 -> 710 | F69: =F49+F47+F53+F57+F60+F66+F61*'Dimensions postes et pieux'!$D$31+F63*'Dimensions postes et pieux'!$D$33+F62*'Dimensions postes et pieux'!$D$32 -> 412 | G69: =G49+G47+G53+G57+G60+G66+G61*'Dimensions postes et pieux'!$D$31+G63*'Dimensions postes et pieux'!$D$33+G62*'Dimensions postes et pieux'!$D$32 -> 412
A72: PISTES ET DEFENSE INCENDIE
A73: Citernes incendie
A74: Nombre de citerne 30m3 | B74: 0 | C74: 0 | D74: 0 | E74: 0 | F74: 0 | G74: 0
A75: Nombre de citerne 60m3 | B75: 0 | C75: 0 | D75: 0 | E75: 0 | F75: 0 | G75: 0
A76: Nombre de citerne 120m3 | B76: 1 | C76: 1 | D76: 1 | E76: 1 | F76: 1 | G76: 1
A77: Nombre de citerne 240m3 | B77: 0 | C77: 0 | D77: 0 | E77: 0 | F77: 0 | G77: 0
A78: TOTAL
A79: Surface citerne | B79: =B74*'Dimensions postes et pieux'!$D$47+B75*'Dimensions postes et pieux'!$D$48+B76*'Dimensions postes et pieux'!$D$49+B77*'Dimensions postes et pieux'!$D$50 -> 104 | C79: =C74*'Dimensions postes et pieux'!$D$47+C75*'Dimensions postes et pieux'!$D$48+C76*'Dimensions postes et pieux'!$D$49+C77*'Dimensions postes et pieux'!$D$50 -> 104 | D79: =D74*'Dimensions postes et pieux'!$D$47+D75*'Dimensions postes et pieux'!$D$48+D76*'Dimensions postes et pieux'!$D$49+D77*'Dimensions postes et pieux'!$D$50 -> 104 | E79: =E74*'Dimensions postes et pieux'!$D$47+E75*'Dimensions postes et pieux'!$D$48+E76*'Dimensions postes et pieux'!$D$49+E77*'Dimensions postes et pieux'!$D$50 -> 104 | F79: =F74*'Dimensions postes et pieux'!$D$47+F75*'Dimensions postes et pieux'!$D$48+F76*'Dimensions postes et pieux'!$D$49+F77*'Dimensions postes et pieux'!$D$50 -> 104 | G79: =G74*'Dimensions postes et pieux'!$D$47+G75*'Dimensions postes et pieux'!$D$48+G76*'Dimensions postes et pieux'!$D$49+G77*'Dimensions postes et pieux'!$D$50 -> 104
A80: Surface aire d'aspiration | B80: =32*SUM(B74:B77) -> 32 | C80: =32*SUM(C74:C77) -> 32 | D80: =32*SUM(D74:D77) -> 32 | E80: =32*SUM(E74:E77) -> 32 | F80: =32*SUM(F74:F77) -> 32 | G80: =32*SUM(G74:G77) -> 32
A81: Pistes de circulation
A82: Surface piste lourde interne (m²) | B82: 2210 | C82: 2623 | D82: 2131 | E82: 2095 | F82: 1280 | G82: 1168
A83: Largeur piste lourde interne (m) | B83: 4 | C83: 4 | D83: 4 | E83: 4 | F83: 4 | G83: 4
A84: Linéaire piste lourde interne (ml) | B84: =B82/B83 -> 552.5 | C84: =C82/C83 -> 655.75 | D84: =D82/D83 -> 532.75 | E84: =E82/E83 -> 523.75 | F84: =F82/F83 -> 320 | G84: =G82/G83 -> 292
A85: Surface piste lourde externe (m²) | B85: 0 | C85: 0 | D85: 0 | E85: 0 | F85: 0 | G85: 0
A86: Largeur piste lourde externe (m) | B86: 3.5 | C86: 3.5 | D86: 3.5 | E86: 3.5 | F86: 3.5 | G86: 3.5
A87: Linéaire piste lourde externe (ml) | B87: =B85/B86 -> 0 | C87: =C85/C86 -> 0 | D87: =D85/D86 -> 0 | E87: =E85/E86 -> 0 | F87: =F85/F86 -> 0 | G87: =G85/G86 -> 0
A88: Surface bande à la terre (m²) | B88: 0 | C88: 0 | D88: 0 | E88: 0 | F88: 0 | G88: 0
A89: Largeur bande à la terre (m) | B89: 3.5 | C89: 3.5 | D89: 3.5 | E89: 3.5 | F89: 3.5 | G89: 3.5
A90: Linéaire bande à la terre (ml) | B90: =B88/B89 -> 0 | C90: =C88/C89 -> 0 | D90: =D88/D89 -> 0 | E90: =E88/E89 -> 0 | F90: =F88/F89 -> 0 | G90: =G88/G89 -> 0
A91: Surface piste enherbée interne (m²) | B91: 8720 | C91: 8977 | D91: 9770 | E91: 9712 | F91: 3424 | G91: 2447
A92: Largeur piste enherbée interne (m) | B92: 4 | C92: 4 | D92: 4 | E92: 4 | F92: 4 | G92: 4
A93: Linéaire piste enherbée interne (ml) | B93: =B91/B92 -> 2180 | C93: =C91/C92 -> 2244.25 | D93: =D91/D92 -> 2442.5 | E93: =E91/E92 -> 2428 | F93: =F91/F92 -> 856 | G93: =G91/G92 -> 611.75
A94: Surface piste enherbée externe (m²) | B94: 0 | C94: 0 | D94: 0 | E94: 0 | F94: 0 | G94: 0
A95: Largeur piste enherbée externe (m) | B95: 3.5 | C95: 3.5 | D95: 3.5 | E95: 3.5 | F95: 3.5 | G95: 3.5
A96: Linéaire piste enherbée externe (ml) | B96: =B94/B95 -> 0 | C96: =C94/C95 -> 0 | D96: =D94/D95 -> 0 | E96: =E94/E95 -> 0 | F96: =F94/F95 -> 0 | G96: =G94/G95 -> 0
A97: Surface piste enherbée (m²) | B97: 0 | C97: 0 | D97: 0 | E97: 0 | F97: 0 | G97: 0
A98: Largeur piste enherbée (m) | B98: 3.5 | C98: 3.5 | D98: 3.5 | E98: 3.5 | F98: 3.5 | G98: 3.5
A99: Linéaire piste enherbée (ml) | B99: =B97/B98 -> 0 | C99: =C97/C98 -> 0 | D99: =D97/D98 -> 0 | E99: =E97/E98 -> 0 | F99: =F97/F98 -> 0 | G99: =G97/G98 -> 0
A100: Piste d'accès au site
A101: Surface piste d'accès (m²) | B101: 0 | C101: 0 | D101: 0 | E101: 0 | F101: 0 | G101: 120
A102: Linéaire piste d'accès (ml) | B102: 3.5 | C102: 3.5 | D102: 3.5 | E102: 3.5 | F102: 3.5 | G102: 4
A103: Largeur piste d'accès (m) | B103: =B101/B102 -> 0 | C103: =C101/C102 -> 0 | D103: =D101/D102 -> 0 | E103: =E101/E102 -> 0 | F103: =F101/F102 -> 0 | G103: =G101/G102 -> 30
A104: Aire de grutage (12mx15m)
A105: Nombre | B105: 3 | C105: 4 | D105: 4 | E105: 4 | F105: 2 | G105: 2
A106: Supplément piste lourde (m²) | B106: 260 | C106: =90*4 -> 360 | D106: =46+286+92+121 -> 545 | E106: =46+286+92+121 -> 545 | F106: 258 | G106: 255
A107: TOTAL
...

Sheet Feuil1
G1: Projet Sarnois | H1: IND10A
G2: Phase | H2: APD
G3: Date (jj/mm/aaaa) | H3: 46261
G6: GENERALITES
G7: Type de projet | H7: Ovin
G8: Surface clôturée (ha) | H8: 4.87
G9: Linéaire de clôture (m) | H9: 949
G10: Nombre de portails d'accès | H10: 1
G11: Largeur des portails (m) | H11: 7
G13: SYSTÈME PHOTOVOLTAÏQUE
G14: Structures PV
G15: Type de structure | H15: Fixe
G16: Format table | H16: 2V26/2V13
G17: Inclinaison (°) | H17: 25
G18: Azimut (°) | H18: -24.5
G19: Nombre de tables | H19: 84 & 1
G20: Inter-table (m) | H20: 6
G21: Pitch (m) | H21: 10.3
G22: Point bas (m) | H22: 1.5
G23: Point haut (m) | H23: 3.53
G24: Nb de mod en rampant | H24: 2
G25: Nb de mod en longueur | H25: 13 & 26
G26: Nb de mod/string | H26: 26
G27: Nb de mod/table | H27: 26/52
G28: Type de fondation | H28: Pieux battus
G29: Nombre de pieux | H29: 761
G30: Surface pieux (m²) | H30: 5.327
G31: Modules PV
G32: Format | H32: G12R
G33: Puissance unitaire (Wc) | H33: 680
G34: Surface unitaire (m²) | H34: 2.701188
G35: Nombre installé | H35: 4394
G36: GCR (%) | H36: /
G37: Surface modules (m²) | H37: 11869.02
G38: Surface module projetée au sol (m²) | H38: 10756.985
G39: Puissance projet (MWc) | H39: 2.98792
G42: POSTES ELEC. ET LOCAUX TECHNIQUES
G43: Postes élec.
G44: Type d'onduleurs envisagés | H44: String
G45: Nombre de PTR | H45: 0
G46: Surface des PTR (m²) | H46: 0
G47: Surface plateforme PTR (m²) | H47: 0
G48: Nombre de PDL /PTR | H48: 1
G49: Surface des PDL/PTR (m²) | H49: 36
G50: Surface plateforme PDL/PTR (m²) | H50: 132
G51: Nombre de PDL | H51: 0
G52: Surface des PDL (m²) | H52: 0
G53: Surface plateforme PDL (m²) | H53: 0
G54: Aire de charge (BESS)
G55: Nombre de conteneurs de batteries | H55: 1
G56: Surface des conteneurs (m²) | H56: 18
G57: Surface plateforme batteries (m²) | H57: 50
G58: Nombre de PTR associés | H58: 1
G59: Surface PTR associés | H59: 30
G60: Surface plateforme PTR associés (m²) | H60: 115
G61: Citerne de refroidissement (120m3) | H61: 1
G62: Bac de rétention (120m3) | H62: 1
G63: Zone de remise (m²) | H63: 1
G64: Stockage matériel
G65: Nombre de locaux de stockage matériel | H65: 1
G66: Surface locaux de stockage matériel (m²) | H66: 18
G67: TOTAL
G68: Surface postes, stockage, batteries, citerne (m²) | H68: 295
G69: Surface plateformes, stockage, batteries, citerne (m²) | H69: 412
G72: PISTES ET DEFENSE INCENDIE
G73: Citernes incendie
G74: Nombre de citerne 30m3 | H74: 0
G75: Nombre de citerne 60m3 | H75: 0
G76: Nombre de citerne 120m3 | H76: 1
G77: Nombre de citerne 240m3 | H77: 0
G78: TOTAL
G79: Surface citerne | H79: 104
G80: Surface aire d'aspiration | H80: 32
G81: Pistes de circulation
G82: Surface piste lourde interne (m²) | H82: 1280
G83: Largeur piste lourde interne (m) | H83: 4
G84: Linéaire piste lourde interne (ml) | H84: 320
G85: Surface piste lourde externe (m²) | H85: 0
G86: Largeur piste lourde externe (m) | H86: 3.5
G87: Linéaire piste lourde externe (ml) | H87: 0
G88: Surface bande à la terre (m²) | H88: 0
G89: Largeur bande à la terre (m) | H89: 3.5
G90: Linéaire bande à la terre (ml) | H90: 0
G91: Surface piste enherbée interne (m²) | H91: 3424
G92: Largeur piste enherbée interne (m) | H92: 4
G93: Linéaire piste enherbée interne (ml) | H93: 856
... G99: Linéaire piste enherbée (ml) | H99: 0
G100: Piste d'accès au site
G101: Surface piste d'accès (m²) | H101: 0
G102: Linéaire piste d'accès (ml) | H102: 3.5
G103: Largeur piste d'accès (m) | H103: 0
G104: Aire de grutage (12mx15m)
G105: Nombre | H105: 2
G106: Supplément piste lourde (m²) | H106: 258
G107: TOTAL
G108: Surface piste lourde (m²) | H108: 1538
G109: Surface piste enherbée (m²) | H109: 3424
G112: AUTRES AMENAGEMENTES
G113: Nombre passage de fossé
G114: Surface impacté passage fossé (m²)
...

Sheet Détails AgriPV
D3: Parcelle 1 | E3: Parcelle 2
C4: Surface PV (m²) | D4: =1846*(2.382*1.134)*COS(RADIANS(Projet!$F$17)) -> 4519.2068 | E4: =2548*(2.382*1.134)*COS(RADIANS(Projet!$F$17)) -> 6237.7785
C5: Parcelle agricole (m²) | D5: 9955 | E5: 14454
C6: Surface cloturé parcelle (ha) | D6: =Projet!F8 -> 4.87
C7: Fondations
C8: Nombre de pieux | D8: =35*9+1*5 -> 320 | E8: =49*9+8*5 -> 481
C9: Surface pieux (m²) | D9: =0.007*D8 -> 2.24 | E9: =0.007*E8 -> 3.367
C10: Surface pieux + 20cm (m²) | D10: =0.2*D8 -> 64 | E10: =0.2*E8 -> 96.2
C11: Postes élec.
C12: Surface plateforme PTR (m²) | D12: 0 | E12: 0
C13: Surface plateforme PDL/PTR (m²) | D13: 132 | E13: 0
C14: Aire de charge (BESS)
C15: Surface conteneurs batteries (m²) | D15: =18*2 -> 36 | E15: 0
C16: Surface plateforme PTR (m²) | D16: 115 | E16: 0
C17: Surface zone de remise (m²) | D17: =1*36 -> 36 | E17: 0
C18: Surface citerne de refroidissement (m²) | D18: =1*104 -> 104 | E18: 0
C19: Autre
C20: Surface citerne incendie (m²) | D20: 104 | E20: 0
C21: Surface local de stockage matériel (m²) | D21: 18 | E21: 0
C22: Surface pistes lourdes (m²) | D22: 1280
C23: Données agriPV
C24: Total surface non exploitable (ha) | D24: =SUM(D10:E22)/10000 -> 0.19852
C25: Total surface non exploitable (%) | D25: =D24/SUM(D6:E6) -> 0.04076386
C26: Taux de couverture (%) | D26: =D4/D5 -> 0.45396352 | E26: =E4/E5 -> 0.43156071
C28: Calcul de la surface non exploitable pour agriPV culture Contacter la Chambre d'Agriculture pour connaître la formule à appliquer (par rapport à quelle surface ? Quel retrait par rapport aux pieux ?) C'est au chef de projet de mofifier la formule de calcul dans l'Excel.

Sheet Standards UNITe
B2: Type de projet | C2: PV sol | G2: Ombrières | J2: Flottant | K2: Trackers
B3: Type d'activité | C3: 1MWc | D3: Agri compatible | E3: Ovin | F3: Bovin | G3: Faisans | H3: Volailles | I3: Parking | J3: Flottant | K3: AgriPV élevage ou prairie | L3: AgriPV grande culture
B4: Format modules | C4: G12R | D4: G12R | E4: G12R | F4: G12R | G4: G12R | H4: G12R | I4: G12R | J4: G12R | K4: G12R | L4: G12R
B5: Inclinaison | C5: 15 | D5: 15 | E5: 25 | F5: 15 | G5: 10 | H5: 10 | I5: 10 | J5: 5 | K5: 0 | L5: 0
B6: Azimut | C6: 0° | D6: 0° | E6: 0° | F6: 0° | G6: 0° | H6: 0° | I6: 0° | J6: 0° | K6: 90° | L6: 90°
B7: Orientation | C7: portrait | D7: portrait | E7: portrait | F7: portrait | G7: portrait | H7: portrait | I7: portrait | J7: paysage | K7: portrait | L7: portrait
B8: Types de tables (portrait = V, paysage = H) | C8: 2V | D8: 3V | E8: 2V | F8: 2V | G8: 7V | H8: 6V | I8: 11V | J8: 1H | K8: 1V | L8: 2V
B9: Distance inter-table | C9: 3 | D9: 4 | E9: 8 | F9: 8 | G9: 12 | H9: 12 | I9: 6 | J9: 0,75 m | K9: 5.1 | L9: 8.2
B10: Hauteur point bas | C10: 1.1 | D10: 1.1 | E10: 1.5 | F10: 2.5 | G10: 2.5 | H10: 2.5 | I10: 3 | J10: N/A | K10: 1.1 | L10: 1.1
B11: Hauteur point haut | C11: 2.34 | D11: 2.34 | E11: 3.12 | F11: 3.74 | G11: 5.42 | H11: 5 | I11: 7.58 | J11: N/A | K11: N/A | L11: N/A
B12: Setback | C12: 5 | D12: 5 | E12: 10 | F12: 10 | G12: 5 | H12: 5 | I12: 6 | J12: 15 m par rapport aux berges | K12: 10 | L12: 10

Sheet Dimensions postes et pieux
C3: Poste de transformation - PTR | G3: -> Onduleurs et transformateur dans le même poste | O3: Fondations
C4: Dimensions (largeur x longueur x hauteur) | D4: Surface (m²) | E4: Surface plateforme (m²) | N4: Projet | O4: Type | P4: Surface (m²)
C5: 10 x 3 x 3m | D5: 30 | E5: 115 | N5: Faisans / Volaille / Parking | O5: Pieux battus | P5: 0.16
O6: +20cm | P6: 0.45
O7: Pieux Forage/Battus | P7: 0.16
O8: Longrine
C9: Transformateur - PT | G9: -> Transformateur seul dans son poste | N9: Autre | O9: Pieux battus | P9: 0.007
C10: Dimensions (largeur x longueur x hauteur) | D10: Surface (m²) | E10: Surface plateforme (m²) | O10: +20cm | P10: 0.2
C11: 6 x 3 x 3m | D11: 18 | E11: 50 | O11: Pieux Forage/Battus | P11: 0.04
O12: Longrine | P12: 0.9
C15: Poste de livraison et de transformation - PDL/PTR | G15: ->Transformateur et cellules d'arrivée Enedis dans le même poste
C16: Dimensions (longueur x largeur x hauteur) | D16: Surface (m²) | E16: Surface plateforme (m²)
C17: 12 x 3 x 3m | D17: 36 | E17: 132
C21: Poste de livraison - PDL | G21: -> Pas de transformateur dans le poste
C22: Dimensions (longueur x largeur x hauteur) | D22: Surface (m²) | E22: Surface plateforme (m²)
C23: 9 x 3 x 3m | D23: 27 | E23: 110 | G23: -> Plus de limite de surface de plancher pour les DP
C27: Aire de charge (BESS)
C28: Dimensions (longueur x largeur x hauteur) | D28: Surface (m²) | E28: Surface plateforme (m²)
B29: Conteneurs | C29: 6 x 3 x 3m | D29: 18 | E29: 50
B30: PTR | C30: 10 x 3 x 3m | D30: 30 | E30: 115
B31: Citerne de refroidissement | C31: 11,7 x 9,3 x 1 m | D31: 104
B32: Bac de rétention | C32: 17,5 x 3 x 2,3 m | D32: 53
B33: Zone de remise | C33: 12 x 3 x 3m | D33: 36
C37: Local de stockage matériel
C38: Dimensions (longueur x largeur x hauteur) | D38: Surface (m²)
B39: P<=5MWc | C39: 1 conteneur 20 pieds 6 x 3 x 3m | D39: 18
B40: P>5MWc | C40: 1 conteneur 40 pieds 12 x 3 x 3m | D40: 36
B41: P>17MWc | C41: 2 conteneurs 40 pieds 12 x 3 x 3m | D41: 72
B45: Citerne incendie
B46: Volume [m3] | C46: Dimensions (longueur x largeur x hauteur) | D46: Surface plateforme (m²)
B47: 30 | C47: 7,95 x 4,44 x 1,3 m | D47: 35
B48: 60 | C48: 8,1 x 7,4 x 1,5 m | D48: 60
B49: 120 | C49: 11,7 x 9,3 x 1 m | D49: 104
B50: 240 | C50: 10,4 x 18,5 x 1,6 m | D50: 192
B51: Compter une aire d'aspiration de 32m² (8 x 4m)
F53: Zone de stockage
E54: Fixe | F54: +270m²/2,5MWc
C55: Base vie | E55: Tracker | F55: +350m²/2,5MWc
C56: Surface conseillée (m²)
B57: P <= 10MWc | C57: 1500 | F57: Zone logistique
B58: P > 10MWc | C58: 2500 | E58: Fixe | F58: +270m²/2,5MWc
E59: Tracker | F59: +350m²/2,5MWc

Sheet Batteries de stockage
D3: POUR TOUS LES PROJETS
D4: Conteneur 20 pieds (6x3x3m) | E4: PTR
C5: P<=20MWc | D5: x4 | E5: x2
C6: P>20MWc | D6: x8 | E6: x4
B9: Règles ICPE
B10: Implantation à 12m de la clôture
B11: Equipements espacés de 7m les uns par rapport aux autres
B13: PROJETS A ENJEUX
B14: 1 conteneur 20 pieds et 1 PTR associé (capacité 5MWh)

Sheet Revue APS
C3: =Projet!A1 -> Projet Sarnois
C5: Chargé de projet - dév :
C6: Chargé de projet - étude : | E6: NFE
C8: Design
C9: Pnom | F9: Productible PVSyst | I9: Performance Ratio (PR) | L9: Production (P50)
C10: =OFFSET(Projet!B39,0,MATCH(MAX(Projet!B39:Y39)+1,Projet!B39:Y39,1)-1) -> 2.98792 | F10: =OFFSET(Projet!B160,0,MATCH(MAX(Projet!B160:Y160)+1,Projet!B160:Y160,1)-1) -> 1138 | I10: =OFFSET(Projet!B161,0,MATCH(MAX(Projet!B161:Y161)+1,Projet!B161:Y161,1)-1) -> 0.8815 | L10: =OFFSET(Projet!B162,0,MATCH(MAX(Projet!B162:Y162)+1,Projet!B162:Y162,1)-1) -> 3.400253
J12: Documents à disposition
J13: Topo Drone : | K13: TRUE | L13: DT : | M13: TRUE
J14: Plan de masse : | K14: TRUE | L14: Rés. Privés : | M14: TRUE
J15: Plan de coupe : | K15: TRUE | L15: Dép Ouvr GRD :
J16: PVSyst : | K16: TRUE | L16: Unifilaire :
J19: Module APD
J20: Dim (mm) : | K20: 2382x1134x30 | L20: Puissance : | M20: =OFFSET(Projet!B33,0,MATCH(MAX(Projet!B33:Y33)+1,Projet!B33:Y33,1)-1) -> 680
J21: Techno : | K21: TopCon | L21: .pan : | M21: FALSE
J22: Date 1er Livraison : | K22: Q3 2030
